2번 체크리스트,2021-01-10 11:00:00,KSQ19880205,2번 체크리스트
3번 체크리스트,2021-01-10 14:00:00,KSQ19880205,3번 체크리스트
4번 체크리스트,2021-01-10 16:00:00,KSQ19880205,4번 체크리스트
5번 체크리스트,2021-01-11 09:00:00,KSQ19880205,5번 체크리스트
6번 체크리스트,2021-01-11 11:00:00,KSQ19880205,6번 체크리스트
7번 체크리스트,2021-01-11 09:00:00,KSQ19880205,7번 체크리스트
8번 체크리스트,2021-01-11 11:00:00,KSQ19880205,8번 체크리스트
9번 체크리스트,2021-01-11 14:00:00,KSQ19880205,9번 체크리스트
10번 체크리스트,2021-01-11 16:00:00,KSQ19880205,10번 체크리스트
11번 체크리스트,2021-01-12 09:00:00,KSQ19880201,11번 체크리스트
12번 체크리스트,2021-01-12 11:00:00,KSQ19880201,12번 체크리스트
13번 체크리스트,2021-01-12 09:00:00,KSQ19880201,13번 체크리스트
14번 체크리스트,2021-01-12 11:00:00,KSQ19880201,14번 체크리스트
15번 체크리스트,2021-01-12 14:00:00,KSQ19880201,15번 체크리스트
16번 체크리스트,2021-01-12 16:00:00,KSQ19880201,16번 체크리스트
17번 체크리스트,2021-01-13 09:00:00,KSQ19880201,17번 체크리스트
18번 체크리스트,2021-01-13 11:00:00,KSQ19880201,18번 체크리스트
19번 체크리스트,2021-01-13 09:00:00,KSQ19880201,19번 체크리스트
20번 체크리스트,2021-01-13 11:00:00,KSQ19880201,20번 체크리스트
21번 체크리스트,2021-01-13 14:00:00,KSQ19880207,21번 체크리스트
22번 체크리스트,2021-01-13 16:00:00,KSQ19880207,22번 체크리스트
23번 체크리스트,2021-01-14 09:00:00,KSQ19880207,23번 체크리스트
24번 체크리스트,2021-01-14 11:00:00,KSQ19880207,24번 체크리스트
25번 체크리스트,2021-01-14 09:00:00,KSQ19880207,25번 체크리스트
26번 체크리스트,2021-01-14 11:00:00,KSQ19880207,26번 체크리스트
27번 체크리스트,2021-01-14 14:00:00,KSQ19880207,27번 체크리스트
28번 체크리스트,2021-01-14 16:00:00,KSQ19880207,28번 체크리스트
29번 체크리스트,2021-01-15 09:00:00,KSQ19880207,29번 체크리스트
30번 체크리스트,2021-01-14 11:00:00,KSQ19880207,30번 체크리스트
